-- 压测专用数据补丁（验收 §五：50 并发报名不超卖）
-- 用法：mysql -uroot -pdev123456 shuyuan < sql/patch-loadtest.sql
-- 可重复执行：先清理 activity_id=99 的旧报名再重置名额

USE shuyuan;

-- 压测活动：名额 50，初始已报 0
INSERT INTO `activity` (`id`, `title`, `intro`, `location`, `start_time`, `enroll_start_time`, `enroll_end_time`, `quota`, `enrolled_count`, `status`, `need_review`)
VALUES (99, '【压测】并发报名专项活动', '仅用于压测，勿对外展示', '线上', '2026-12-31 10:00:00', '2026-01-01 00:00:00', '2026-12-31 23:59:59', 50, 0, 'published', 0)
ON DUPLICATE KEY UPDATE
  `quota` = 50,
  `enrolled_count` = 0,
  `status` = 'published',
  `enroll_start_time` = '2026-01-01 00:00:00',
  `enroll_end_time` = '2026-12-31 23:59:59',
  `need_review` = 0;

DELETE FROM `enroll` WHERE `activity_id` = 99;

-- 50 个压测账号：学号 loadtest001–loadtest050，密码 Admin@123（与 seed-dev 相同 BCrypt）
SET @pwd = '$2a$10$hJGSAarox5iMOYI8DpsGy.THWSBVwDsvKQleMKKA2G271zQamP7gm';

INSERT INTO `member` (`id`, `openid`, `nickname`, `points`, `status`) VALUES
(101, 'loadtest_101', '压测用户01', 0, 1),
(102, 'loadtest_102', '压测用户02', 0, 1),
(103, 'loadtest_103', '压测用户03', 0, 1),
(104, 'loadtest_104', '压测用户04', 0, 1),
(105, 'loadtest_105', '压测用户05', 0, 1),
(106, 'loadtest_106', '压测用户06', 0, 1),
(107, 'loadtest_107', '压测用户07', 0, 1),
(108, 'loadtest_108', '压测用户08', 0, 1),
(109, 'loadtest_109', '压测用户09', 0, 1),
(110, 'loadtest_110', '压测用户10', 0, 1),
(111, 'loadtest_111', '压测用户11', 0, 1),
(112, 'loadtest_112', '压测用户12', 0, 1),
(113, 'loadtest_113', '压测用户13', 0, 1),
(114, 'loadtest_114', '压测用户14', 0, 1),
(115, 'loadtest_115', '压测用户15', 0, 1),
(116, 'loadtest_116', '压测用户16', 0, 1),
(117, 'loadtest_117', '压测用户17', 0, 1),
(118, 'loadtest_118', '压测用户18', 0, 1),
(119, 'loadtest_119', '压测用户19', 0, 1),
(120, 'loadtest_120', '压测用户20', 0, 1),
(121, 'loadtest_121', '压测用户21', 0, 1),
(122, 'loadtest_122', '压测用户22', 0, 1),
(123, 'loadtest_123', '压测用户23', 0, 1),
(124, 'loadtest_124', '压测用户24', 0, 1),
(125, 'loadtest_125', '压测用户25', 0, 1),
(126, 'loadtest_126', '压测用户26', 0, 1),
(127, 'loadtest_127', '压测用户27', 0, 1),
(128, 'loadtest_128', '压测用户28', 0, 1),
(129, 'loadtest_129', '压测用户29', 0, 1),
(130, 'loadtest_130', '压测用户30', 0, 1),
(131, 'loadtest_131', '压测用户31', 0, 1),
(132, 'loadtest_132', '压测用户32', 0, 1),
(133, 'loadtest_133', '压测用户33', 0, 1),
(134, 'loadtest_134', '压测用户34', 0, 1),
(135, 'loadtest_135', '压测用户35', 0, 1),
(136, 'loadtest_136', '压测用户36', 0, 1),
(137, 'loadtest_137', '压测用户37', 0, 1),
(138, 'loadtest_138', '压测用户38', 0, 1),
(139, 'loadtest_139', '压测用户39', 0, 1),
(140, 'loadtest_140', '压测用户40', 0, 1),
(141, 'loadtest_141', '压测用户41', 0, 1),
(142, 'loadtest_142', '压测用户42', 0, 1),
(143, 'loadtest_143', '压测用户43', 0, 1),
(144, 'loadtest_144', '压测用户44', 0, 1),
(145, 'loadtest_145', '压测用户45', 0, 1),
(146, 'loadtest_146', '压测用户46', 0, 1),
(147, 'loadtest_147', '压测用户47', 0, 1),
(148, 'loadtest_148', '压测用户48', 0, 1),
(149, 'loadtest_149', '压测用户49', 0, 1),
(150, 'loadtest_150', '压测用户50', 0, 1)
ON DUPLICATE KEY UPDATE `status` = 1;

INSERT INTO `member_profile` (`member_id`, `real_name`, `college`, `phone`) VALUES
(101, '压测01', '压测学院', '13800000101'),
(102, '压测02', '压测学院', '13800000102'),
(103, '压测03', '压测学院', '13800000103'),
(104, '压测04', '压测学院', '13800000104'),
(105, '压测05', '压测学院', '13800000105'),
(106, '压测06', '压测学院', '13800000106'),
(107, '压测07', '压测学院', '13800000107'),
(108, '压测08', '压测学院', '13800000108'),
(109, '压测09', '压测学院', '13800000109'),
(110, '压测10', '压测学院', '13800000110'),
(111, '压测11', '压测学院', '13800000111'),
(112, '压测12', '压测学院', '13800000112'),
(113, '压测13', '压测学院', '13800000113'),
(114, '压测14', '压测学院', '13800000114'),
(115, '压测15', '压测学院', '13800000115'),
(116, '压测16', '压测学院', '13800000116'),
(117, '压测17', '压测学院', '13800000117'),
(118, '压测18', '压测学院', '13800000118'),
(119, '压测19', '压测学院', '13800000119'),
(120, '压测20', '压测学院', '13800000120'),
(121, '压测21', '压测学院', '13800000121'),
(122, '压测22', '压测学院', '13800000122'),
(123, '压测23', '压测学院', '13800000123'),
(124, '压测24', '压测学院', '13800000124'),
(125, '压测25', '压测学院', '13800000125'),
(126, '压测26', '压测学院', '13800000126'),
(127, '压测27', '压测学院', '13800000127'),
(128, '压测28', '压测学院', '13800000128'),
(129, '压测29', '压测学院', '13800000129'),
(130, '压测30', '压测学院', '13800000130'),
(131, '压测31', '压测学院', '13800000131'),
(132, '压测32', '压测学院', '13800000132'),
(133, '压测33', '压测学院', '13800000133'),
(134, '压测34', '压测学院', '13800000134'),
(135, '压测35', '压测学院', '13800000135'),
(136, '压测36', '压测学院', '13800000136'),
(137, '压测37', '压测学院', '13800000137'),
(138, '压测38', '压测学院', '13800000138'),
(139, '压测39', '压测学院', '13800000139'),
(140, '压测40', '压测学院', '13800000140'),
(141, '压测41', '压测学院', '13800000141'),
(142, '压测42', '压测学院', '13800000142'),
(143, '压测43', '压测学院', '13800000143'),
(144, '压测44', '压测学院', '13800000144'),
(145, '压测45', '压测学院', '13800000145'),
(146, '压测46', '压测学院', '13800000146'),
(147, '压测47', '压测学院', '13800000147'),
(148, '压测48', '压测学院', '13800000148'),
(149, '压测49', '压测学院', '13800000149'),
(150, '压测50', '压测学院', '13800000150')
ON DUPLICATE KEY UPDATE `phone` = VALUES(`phone`);

INSERT INTO `member_account` (`member_id`, `student_no`, `username`, `password_hash`, `status`) VALUES
(101, 'loadtest001', 'loadtest001', @pwd, 1),
(102, 'loadtest002', 'loadtest002', @pwd, 1),
(103, 'loadtest003', 'loadtest003', @pwd, 1),
(104, 'loadtest004', 'loadtest004', @pwd, 1),
(105, 'loadtest005', 'loadtest005', @pwd, 1),
(106, 'loadtest006', 'loadtest006', @pwd, 1),
(107, 'loadtest007', 'loadtest007', @pwd, 1),
(108, 'loadtest008', 'loadtest008', @pwd, 1),
(109, 'loadtest009', 'loadtest009', @pwd, 1),
(110, 'loadtest010', 'loadtest010', @pwd, 1),
(111, 'loadtest011', 'loadtest011', @pwd, 1),
(112, 'loadtest012', 'loadtest012', @pwd, 1),
(113, 'loadtest013', 'loadtest013', @pwd, 1),
(114, 'loadtest014', 'loadtest014', @pwd, 1),
(115, 'loadtest015', 'loadtest015', @pwd, 1),
(116, 'loadtest016', 'loadtest016', @pwd, 1),
(117, 'loadtest017', 'loadtest017', @pwd, 1),
(118, 'loadtest018', 'loadtest018', @pwd, 1),
(119, 'loadtest019', 'loadtest019', @pwd, 1),
(120, 'loadtest020', 'loadtest020', @pwd, 1),
(121, 'loadtest021', 'loadtest021', @pwd, 1),
(122, 'loadtest022', 'loadtest022', @pwd, 1),
(123, 'loadtest023', 'loadtest023', @pwd, 1),
(124, 'loadtest024', 'loadtest024', @pwd, 1),
(125, 'loadtest025', 'loadtest025', @pwd, 1),
(126, 'loadtest026', 'loadtest026', @pwd, 1),
(127, 'loadtest027', 'loadtest027', @pwd, 1),
(128, 'loadtest028', 'loadtest028', @pwd, 1),
(129, 'loadtest029', 'loadtest029', @pwd, 1),
(130, 'loadtest030', 'loadtest030', @pwd, 1),
(131, 'loadtest031', 'loadtest031', @pwd, 1),
(132, 'loadtest032', 'loadtest032', @pwd, 1),
(133, 'loadtest033', 'loadtest033', @pwd, 1),
(134, 'loadtest034', 'loadtest034', @pwd, 1),
(135, 'loadtest035', 'loadtest035', @pwd, 1),
(136, 'loadtest036', 'loadtest036', @pwd, 1),
(137, 'loadtest037', 'loadtest037', @pwd, 1),
(138, 'loadtest038', 'loadtest038', @pwd, 1),
(139, 'loadtest039', 'loadtest039', @pwd, 1),
(140, 'loadtest040', 'loadtest040', @pwd, 1),
(141, 'loadtest041', 'loadtest041', @pwd, 1),
(142, 'loadtest042', 'loadtest042', @pwd, 1),
(143, 'loadtest043', 'loadtest043', @pwd, 1),
(144, 'loadtest044', 'loadtest044', @pwd, 1),
(145, 'loadtest045', 'loadtest045', @pwd, 1),
(146, 'loadtest046', 'loadtest046', @pwd, 1),
(147, 'loadtest047', 'loadtest047', @pwd, 1),
(148, 'loadtest048', 'loadtest048', @pwd, 1),
(149, 'loadtest049', 'loadtest049', @pwd, 1),
(150, 'loadtest050', 'loadtest050', @pwd, 1)
ON DUPLICATE KEY UPDATE `password_hash` = VALUES(`password_hash`), `status` = 1;

UPDATE `activity` SET `enrolled_count` = (
  SELECT COUNT(*) FROM `enroll` e WHERE e.activity_id = 99 AND e.status IN ('pending', 'approved')
) WHERE `id` = 99;
